CustomerID,Predicted_Status
CUS-1516050,Retained
CUS-1516050,Retained
CUS-1516050,Retained
CUS-1516050,Retained
CUS-1467150,Churn
CUS-1470950,Retained
CUS-1470950,Retained
CUS-1470950,Retained
CUS-1470950,Retained
CUS-1470950,Retained
CUS-1470950,Retained
CUS-1470950,Retained
CUS-1470950,Retained
CUS-1470950,Retained
CUS-1470950,Retained
CUS-1470950,Retained
CUS-1470950,Retained
CUS-1470950,Retained
CUS-1470950,Retained
CUS-1470950,Retained
CUS-1470950,Retained
CUS-1470950,Retained
CUS-1470950,Retained
CUS-1470950,Retained
CUS-1470950,Retained
CUS-1470950,Retained
CUS-1470950,Retained
CUS-1470950,Retained
CUS-1470950,Retained
CUS-1470950,Retained
CUS-1470950,Retained
CUS-1470950,Retained
CUS-1470950,Retained
CUS-1470950,Retained
CUS-1470950,Retained
CUS-1470950,Retained
CUS-1470950,Retained
CUS-1470950,Retained
CUS-1470950,Retained
CUS-1470950,Retained
CUS-1470950,Retained
CUS-1506400,Retained
CUS-1506400,Retained
CUS-1506400,Retained
CUS-1506400,Retained
CUS-1485550,Retained
CUS-154400,Retained
CUS-154400,Retained
CUS-154400,Retained
CUS-154400,Retained
CUS-154400,Retained
CUS-154400,Retained
CUS-154400,Retained
CUS-154400,Retained
CUS-154400,Retained
CUS-154400,Retained
CUS-154400,Retained
CUS-154400,Retained
CUS-154400,Retained
CUS-154400,Retained
CUS-154400,Retained
CUS-154400,Retained
CUS-309850,Retained
CUS-647000,Retained
CUS-1570450,Retained
CUS-1500950,Retained
CUS-355050,Retained
CUS-355050,Retained
CUS-355050,Retained
CUS-355050,Retained
CUS-262900,Retained
CUS-157900,Churn
CUS-165900,Retained
CUS-165900,Retained
CUS-165900,Retained
CUS-165900,Retained
CUS-165900,Retained
CUS-165900,Retained
CUS-165900,Retained
CUS-165900,Retained
CUS-165900,Retained
CUS-165900,Retained
CUS-165900,Retained
CUS-165900,Retained
CUS-165900,Retained
CUS-165900,Retained
CUS-165900,Retained
CUS-165900,Retained
CUS-1489200,Retained
CUS-1253400,Retained
CUS-835900,Retained
CUS-835900,Retained
CUS-835900,Retained
CUS-835900,Retained
CUS-835900,Retained
CUS-835900,Retained
CUS-835900,Retained
CUS-835900,Retained
CUS-835900,Retained
CUS-1554650,Churn
CUS-1492900,Retained
CUS-1492900,Retained
CUS-1492900,Retained
CUS-1492900,Retained
CUS-5612650,Retained
CUS-1467350,Retained
CUS-176700,Retained
CUS-335250,Retained
CUS-335250,Retained
CUS-335250,Retained
CUS-335250,Retained
CUS-1464800,Retained
CUS-1500850,Retained
CUS-690000,Retained
CUS-690000,Retained
CUS-690000,Retained
CUS-690000,Retained
CUS-690000,Retained
CUS-690000,Retained
CUS-690000,Retained
CUS-690000,Retained
CUS-690000,Retained
CUS-1489700,Retained
CUS-159150,Retained
CUS-159150,Retained
CUS-159150,Retained
CUS-159150,Retained
CUS-159150,Retained
CUS-159150,Retained
CUS-159150,Retained
CUS-159150,Retained
CUS-159150,Retained
CUS-159150,Retained
CUS-159150,Retained
CUS-159150,Retained
CUS-159150,Retained
CUS-159150,Retained
CUS-159150,Retained
CUS-159150,Retained
CUS-1545050,Retained
CUS-1469000,Retained
CUS-175150,Retained
CUS-706750,Retained
CUS-706750,Retained
CUS-706750,Retained
CUS-706750,Retained
CUS-1511700,Churn
CUS-1605500,Retained
CUS-1450800,Retained
CUS-1460950,Retained
CUS-927800,Retained
CUS-927800,Retained
CUS-927800,Retained
CUS-927800,Retained
CUS-927800,Retained
CUS-927800,Retained
CUS-927800,Retained
CUS-927800,Retained
CUS-927800,Retained
CUS-387200,Retained
CUS-387200,Retained
CUS-387200,Retained
CUS-387200,Retained
CUS-1497750,Retained
CUS-268900,Retained
CUS-166100,Retained
CUS-320200,Retained
CUS-1475550,Retained
CUS-1481550,Retained
CUS-1430050,Churn
CUS-1079000,Retained
CUS-1079000,Retained
CUS-1079000,Retained
CUS-1079000,Retained
CUS-1079000,Retained
CUS-1079000,Retained
CUS-1079000,Retained
CUS-1079000,Retained
CUS-1079000,Retained
CUS-1079000,Retained
CUS-1079000,Retained
CUS-1079000,Retained
CUS-1079000,Retained
CUS-1079000,Retained
CUS-1079000,Retained
CUS-1079000,Retained
CUS-1079000,Retained
CUS-1079000,Retained
CUS-1079000,Retained
CUS-1079000,Retained
CUS-1079000,Retained
CUS-1079000,Retained
CUS-1079000,Retained
CUS-1079000,Retained
CUS-1079000,Retained
CUS-1079000,Retained
CUS-1079000,Retained
CUS-1079000,Retained
CUS-1079000,Retained
CUS-1079000,Retained
CUS-1079000,Retained
CUS-1079000,Retained
CUS-1079000,Retained
CUS-1079000,Retained
CUS-1079000,Retained
CUS-1079000,Retained
CUS-1468100,Retained
CUS-847750,Retained
CUS-1516450,Retained
CUS-1516450,Retained
CUS-1516450,Retained
CUS-1516450,Retained
CUS-1516450,Retained
CUS-1516450,Retained
CUS-1516450,Retained
CUS-1516450,Retained
CUS-1516450,Retained
CUS-1043250,Retained
CUS-1485950,Retained
CUS-547850,Churn
CUS-163250,Retained
CUS-247350,Churn
CUS-1471500,Churn
CUS-1531900,Retained
CUS-1479450,Retained
CUS-1529500,Retained
CUS-312300,Retained
CUS-1539250,Churn
CUS-1493400,Retained
CUS-1493400,Retained
CUS-1493400,Retained
CUS-1493400,Retained
CUS-1493400,Retained
CUS-1493400,Retained
CUS-1493400,Retained
CUS-1493400,Retained
CUS-1493400,Retained
CUS-1493400,Retained
CUS-1493400,Retained
CUS-1493400,Retained
CUS-1493400,Retained
CUS-1493400,Retained
CUS-1493400,Retained
CUS-1493400,Retained
CUS-1493400,Retained
CUS-1493400,Retained
CUS-1493400,Retained
CUS-1493400,Retained
CUS-1493400,Retained
CUS-1493400,Retained
CUS-1493400,Retained
CUS-1493400,Retained
CUS-1493400,Retained
CUS-1493400,Retained
CUS-1493400,Retained
CUS-1493400,Retained
CUS-1493400,Retained
CUS-1493400,Retained
CUS-1493400,Retained
CUS-1493400,Retained
CUS-1493400,Retained
CUS-1493400,Retained
CUS-1493400,Retained
CUS-1493400,Retained
CUS-1560800,Retained
CUS-1177150,Churn
CUS-427350,Retained
CUS-1479200,Retained
CUS-1465300,Retained
CUS-1233700,Retained
CUS-237150,Retained
CUS-635850,Retained
CUS-558200,Retained
CUS-558200,Retained
CUS-558200,Retained
CUS-558200,Retained
CUS-558200,Retained
CUS-558200,Retained
CUS-558200,Retained
CUS-558200,Retained
CUS-558200,Retained
CUS-558200,Retained
CUS-558200,Retained
CUS-558200,Retained
CUS-558200,Retained
CUS-558200,Retained
CUS-558200,Retained
CUS-558200,Retained
CUS-1506750,Churn
CUS-1456500,Retained
CUS-150950,Retained
CUS-152700,Retained
CUS-1456650,Retained
CUS-1456650,Retained
CUS-1456650,Retained
CUS-1456650,Retained
CUS-1456650,Retained
CUS-1456650,Retained
CUS-1456650,Retained
CUS-1456650,Retained
CUS-1456650,Retained
CUS-1456650,Retained
CUS-1456650,Retained
CUS-1456650,Retained
CUS-1456650,Retained
CUS-1456650,Retained
CUS-1456650,Retained
CUS-1456650,Retained
CUS-1456650,Retained
CUS-1456650,Retained
CUS-1456650,Retained
CUS-1456650,Retained
CUS-1456650,Retained
CUS-1456650,Retained
CUS-1456650,Retained
CUS-1456650,Retained
CUS-1456650,Retained
CUS-1456650,Retained
CUS-1456650,Retained
CUS-1456650,Retained
CUS-1456650,Retained
CUS-1456650,Retained
CUS-1456650,Retained
CUS-1456650,Retained
CUS-1456650,Retained
CUS-1456650,Retained
CUS-1456650,Retained
CUS-1456650,Retained
CUS-1456650,Retained
CUS-1456650,Retained
CUS-1456650,Retained
CUS-1456650,Retained
CUS-1456650,Retained
CUS-1456650,Retained
CUS-1456650,Retained
CUS-1456650,Retained
CUS-1456650,Retained
CUS-1456650,Retained
CUS-1456650,Retained
CUS-1456650,Retained
CUS-1456650,Retained
CUS-5608700,Retained
CUS-1502250,Churn
CUS-594300,Retained
CUS-331350,Retained
CUS-1519950,Retained
CUS-1519950,Retained
CUS-1519950,Retained
CUS-1519950,Retained
CUS-304800,Churn
CUS-1480600,Retained
CUS-927200,Retained
CUS-927200,Retained
CUS-927200,Retained
CUS-927200,Retained
CUS-927200,Retained
CUS-927200,Retained
CUS-927200,Retained
CUS-927200,Retained
CUS-927200,Retained
CUS-927200,Retained
CUS-927200,Retained
CUS-927200,Retained
CUS-927200,Retained
CUS-927200,Retained
CUS-927200,Retained
CUS-927200,Retained
CUS-927200,Retained
CUS-927200,Retained
CUS-927200,Retained
CUS-927200,Retained
CUS-927200,Retained
CUS-927200,Retained
CUS-927200,Retained
CUS-927200,Retained
CUS-927200,Retained
CUS-927200,Retained
CUS-927200,Retained
CUS-927200,Retained
CUS-927200,Retained
CUS-927200,Retained
CUS-927200,Retained
CUS-927200,Retained
CUS-927200,Retained
CUS-927200,Retained
CUS-927200,Retained
CUS-927200,Retained
CUS-1446750,Retained
CUS-1446750,Retained
CUS-1446750,Retained
CUS-1446750,Retained
CUS-1446750,Retained
CUS-1446750,Retained
CUS-1446750,Retained
CUS-1446750,Retained
CUS-1446750,Retained
CUS-422800,Churn
CUS-382950,Churn
CUS-940500,Churn
CUS-1359600,Retained
CUS-183400,Churn
CUS-1488700,Retained
CUS-1530950,Retained
CUS-153300,Retained
CUS-153300,Retained
CUS-153300,Retained
CUS-153300,Retained
CUS-153300,Retained
CUS-153300,Retained
CUS-153300,Retained
CUS-153300,Retained
CUS-153300,Retained
CUS-153300,Retained
CUS-153300,Retained
CUS-153300,Retained
CUS-153300,Retained
CUS-153300,Retained
CUS-153300,Retained
CUS-153300,Retained
CUS-1605600,Retained
CUS-273850,Retained
CUS-885600,Retained
CUS-1585800,Retained
CUS-1447100,Retained
CUS-1447100,Retained
CUS-1447100,Retained
CUS-1447100,Retained
CUS-1485750,Retained
CUS-897850,Retained
CUS-908900,Retained
CUS-424500,Retained
CUS-1567700,Retained
CUS-1577250,Retained
CUS-607700,Retained
CUS-159400,Churn
CUS-1438350,Retained
CUS-670600,Retained
CUS-670600,Retained
CUS-670600,Retained
CUS-670600,Retained
CUS-670600,Retained
CUS-670600,Retained
CUS-670600,Retained
CUS-670600,Retained
CUS-670600,Retained
CUS-670600,Retained
CUS-670600,Retained
CUS-670600,Retained
CUS-670600,Retained
CUS-670600,Retained
CUS-670600,Retained
CUS-670600,Retained
CUS-670600,Retained
CUS-670600,Retained
CUS-670600,Retained
CUS-670600,Retained
CUS-670600,Retained
CUS-670600,Retained
CUS-670600,Retained
CUS-670600,Retained
CUS-670600,Retained
CUS-670600,Retained
CUS-670600,Retained
CUS-670600,Retained
CUS-670600,Retained
CUS-670600,Retained
CUS-670600,Retained
CUS-670600,Retained
CUS-670600,Retained
CUS-670600,Retained
CUS-670600,Retained
CUS-670600,Retained
CUS-941800,Retained
CUS-941800,Retained
CUS-941800,Retained
CUS-941800,Retained
CUS-941800,Retained
CUS-941800,Retained
CUS-941800,Retained
CUS-941800,Retained
CUS-941800,Retained
CUS-1478350,Retained
CUS-1478350,Retained
CUS-1478350,Retained
CUS-1478350,Retained
CUS-1478350,Retained
CUS-1478350,Retained
CUS-1478350,Retained
CUS-1478350,Retained
CUS-1478350,Retained
CUS-1478350,Retained
CUS-1478350,Retained
CUS-1478350,Retained
CUS-1478350,Retained
CUS-1478350,Retained
CUS-1478350,Retained
CUS-1478350,Retained
CUS-1478350,Retained
CUS-1478350,Retained
CUS-1478350,Retained
CUS-1478350,Retained
CUS-1478350,Retained
CUS-1478350,Retained
CUS-1478350,Retained
CUS-1478350,Retained
CUS-1478350,Retained
CUS-1500250,Retained
CUS-360000,Retained
CUS-654100,Retained
CUS-393800,Retained
CUS-1513850,Retained
CUS-1549300,Retained
CUS-197800,Retained
CUS-1586350,Retained
CUS-676850,Retained
CUS-1555750,Retained
CUS-1458300,Retained
CUS-1458300,Churn
CUS-1458300,Churn
CUS-1458300,Retained
CUS-1458300,Retained
CUS-1458300,Retained
CUS-1458300,Retained
CUS-1458300,Retained
CUS-1458300,Retained
CUS-303900,Retained
CUS-303900,Retained
CUS-303900,Retained
CUS-303900,Retained
CUS-303900,Retained
CUS-303900,Retained
CUS-303900,Retained
CUS-303900,Retained
CUS-303900,Retained
CUS-303900,Retained
CUS-303900,Retained
CUS-303900,Retained
CUS-303900,Retained
CUS-303900,Retained
CUS-303900,Retained
CUS-303900,Retained
CUS-303900,Retained
CUS-303900,Retained
CUS-303900,Retained
CUS-303900,Retained
CUS-303900,Retained
CUS-303900,Retained
CUS-303900,Retained
CUS-303900,Retained
CUS-303900,Retained
CUS-303900,Retained
CUS-303900,Retained
CUS-303900,Retained
CUS-303900,Retained
CUS-303900,Retained
CUS-303900,Retained
CUS-303900,Retained
CUS-303900,Retained
CUS-303900,Retained
CUS-303900,Retained
CUS-303900,Retained
CUS-369900,Churn
CUS-155550,Retained
CUS-597900,Retained
CUS-252200,Churn
CUS-1503600,Retained
CUS-1463350,Retained
CUS-1165250,Retained
CUS-1588950,Retained
CUS-1518250,Retained
CUS-169500,Retained
CUS-1607650,Retained
CUS-1492550,Retained
CUS-584150,Retained
CUS-156200,Churn
CUS-1517500,Retained
CUS-1517500,Retained
CUS-1517500,Retained
CUS-1517500,Retained
CUS-1517500,Retained
CUS-1517500,Retained
CUS-1517500,Retained
CUS-1517500,Retained
CUS-1517500,Retained
CUS-618050,Churn
CUS-618050,Churn
CUS-618050,Churn
CUS-618050,Churn
CUS-618050,Churn
CUS-618050,Churn
CUS-618050,Churn
CUS-618050,Churn
CUS-618050,Churn
CUS-796600,Retained
CUS-1520000,Churn
CUS-1293200,Retained
CUS-1574350,Retained
CUS-1100500,Retained
CUS-5600850,Retained
CUS-1584450,Retained
CUS-1516700,Retained
CUS-1484950,Retained
CUS-1484950,Retained
CUS-1484950,Retained
CUS-1484950,Retained
CUS-1530150,Retained
CUS-1498050,Retained
CUS-185750,Retained
CUS-615050,Retained
CUS-547500,Retained
CUS-547500,Retained
CUS-547500,Retained
CUS-547500,Retained
CUS-547500,Retained
CUS-547500,Retained
CUS-547500,Retained
CUS-547500,Retained
CUS-547500,Retained
CUS-1485850,Retained
CUS-305050,Retained
CUS-305050,Retained
CUS-305050,Retained
CUS-305050,Retained
CUS-305050,Retained
CUS-305050,Retained
CUS-305050,Retained
CUS-305050,Retained
CUS-305050,Retained
CUS-305050,Retained
CUS-305050,Retained
CUS-305050,Retained
CUS-305050,Retained
CUS-305050,Retained
CUS-305050,Retained
CUS-305050,Retained
CUS-305050,Retained
CUS-305050,Retained
CUS-305050,Retained
CUS-305050,Retained
CUS-305050,Retained
CUS-305050,Retained
CUS-305050,Retained
CUS-305050,Retained
CUS-305050,Retained
CUS-1510000,Retained
CUS-169250,Retained
CUS-1562600,Retained
CUS-1489950,Retained
CUS-1489950,Retained
CUS-1489950,Retained
CUS-1489950,Retained
CUS-1489950,Retained
CUS-1489950,Retained
CUS-1489950,Retained
CUS-1489950,Retained
CUS-1489950,Retained
CUS-1489950,Retained
CUS-1489950,Retained
CUS-1489950,Retained
CUS-1489950,Retained
CUS-1489950,Retained
CUS-1489950,Retained
CUS-1489950,Retained
CUS-1564450,Retained
CUS-1494900,Retained
CUS-1507250,Retained
CUS-1507250,Retained
CUS-1507250,Retained
CUS-1507250,Retained
CUS-1522100,Retained
CUS-1147000,Retained
CUS-1545900,Churn
CUS-574550,Retained
CUS-1515100,Churn
CUS-1495950,Retained
CUS-1509550,Retained
CUS-788700,Retained
CUS-1487800,Retained
CUS-1487800,Retained
CUS-1487800,Retained
CUS-1487800,Retained
CUS-1487800,Retained
CUS-1487800,Retained
CUS-1487800,Retained
CUS-1487800,Retained
CUS-1487800,Retained
CUS-1487800,Retained
CUS-1487800,Retained
CUS-1487800,Retained
CUS-1487800,Retained
CUS-1487800,Retained
CUS-1487800,Retained
CUS-1487800,Retained
CUS-1487800,Retained
CUS-1487800,Retained
CUS-1487800,Retained
CUS-1487800,Retained
CUS-1487800,Retained
CUS-1487800,Retained
CUS-1487800,Retained
CUS-1487800,Retained
CUS-1487800,Retained
CUS-1551550,Retained
CUS-1553850,Retained
CUS-1518100,Retained
CUS-1553150,Retained
CUS-1587250,Retained
CUS-156150,Churn
CUS-782950,Retained
CUS-782950,Retained
CUS-782950,Retained
CUS-782950,Retained
CUS-782950,Retained
CUS-782950,Retained
CUS-782950,Retained
CUS-782950,Retained
CUS-782950,Retained
CUS-5599400,Retained
CUS-1476350,Retained
CUS-1559650,Retained
CUS-1466600,Retained
CUS-1466600,Retained
CUS-1466600,Retained
CUS-1466600,Retained
CUS-1466600,Retained
CUS-1466600,Retained
CUS-1466600,Retained
CUS-1466600,Retained
CUS-1466600,Retained
CUS-1466600,Retained
CUS-1466600,Retained
CUS-1466600,Retained
CUS-1466600,Retained
CUS-1466600,Retained
CUS-1466600,Retained
CUS-1466600,Retained
CUS-1466600,Retained
CUS-1466600,Retained
CUS-1466600,Retained
CUS-1466600,Retained
CUS-1466600,Retained
CUS-1466600,Retained
CUS-1466600,Retained
CUS-1466600,Retained
CUS-1466600,Retained
CUS-1510300,Retained
CUS-201850,Churn
CUS-551500,Churn
CUS-651400,Retained
CUS-1512900,Retained
CUS-1357700,Retained
CUS-238550,Retained
CUS-238550,Retained
CUS-238550,Retained
CUS-238550,Retained
CUS-1057850,Retained
CUS-1332850,Retained
CUS-735850,Retained
CUS-735850,Retained
CUS-735850,Retained
CUS-735850,Retained
CUS-735850,Retained
CUS-735850,Retained
CUS-735850,Retained
CUS-735850,Retained
CUS-735850,Retained
CUS-1544700,Retained
CUS-1467200,Retained
CUS-1467200,Retained
CUS-1467200,Retained
CUS-1467200,Retained
CUS-1451000,Retained
CUS-1572600,Retained
CUS-1443500,Retained
CUS-763850,Retained
CUS-763850,Retained
CUS-763850,Retained
CUS-763850,Retained
CUS-763850,Retained
CUS-763850,Retained
CUS-763850,Retained
CUS-763850,Retained
CUS-763850,Retained
CUS-763850,Retained
CUS-763850,Retained
CUS-763850,Retained
CUS-763850,Retained
CUS-763850,Retained
CUS-763850,Retained
CUS-763850,Retained
CUS-763850,Retained
CUS-763850,Retained
CUS-763850,Retained
CUS-763850,Retained
CUS-763850,Retained
CUS-763850,Retained
CUS-763850,Retained
CUS-763850,Retained
CUS-763850,Retained
CUS-1557400,Retained
CUS-300000,Retained
CUS-365450,Retained
CUS-1487850,Churn
CUS-1470600,Retained
CUS-1484800,Churn
CUS-1493800,Churn
CUS-1526350,Retained
CUS-511950,Retained
CUS-511950,Retained
CUS-511950,Retained
CUS-511950,Retained
CUS-879750,Retained
CUS-879750,Retained
CUS-879750,Retained
CUS-879750,Retained
CUS-879750,Retained
CUS-879750,Retained
CUS-879750,Retained
CUS-879750,Retained
CUS-879750,Retained
CUS-597400,Churn
CUS-1559100,Retained
CUS-223950,Retained
CUS-280750,Retained
CUS-280750,Retained
CUS-280750,Retained
CUS-280750,Retained
CUS-280750,Retained
CUS-280750,Retained
CUS-280750,Retained
CUS-280750,Retained
CUS-280750,Retained
CUS-280750,Retained
CUS-280750,Retained
CUS-280750,Retained
CUS-280750,Retained
CUS-280750,Retained
CUS-280750,Retained
CUS-280750,Retained
CUS-1088600,Retained
CUS-309800,Churn
CUS-1474250,Retained
CUS-1508000,Retained
CUS-1441650,Retained
CUS-1449050,Retained
CUS-863400,Retained
CUS-477400,Retained
CUS-1456400,Retained
CUS-1486300,Retained
CUS-1486300,Retained
CUS-1486300,Retained
CUS-1486300,Retained
CUS-1486300,Retained
CUS-1486300,Retained
CUS-1486300,Retained
CUS-1486300,Retained
CUS-1486300,Retained
CUS-1461500,Retained
CUS-1461500,Retained
CUS-1461500,Retained
CUS-1461500,Retained
CUS-1461500,Retained
CUS-1461500,Retained
CUS-1461500,Retained
CUS-1461500,Retained
CUS-1461500,Retained
CUS-268600,Churn
CUS-296200,Retained
CUS-206250,Retained
CUS-1512100,Retained
CUS-1352250,Retained
CUS-1477700,Retained
CUS-1477800,Retained
CUS-1477900,Retained
CUS-1414650,Churn
CUS-271600,Retained
CUS-271600,Retained
CUS-271600,Retained
CUS-271600,Retained
CUS-1521550,Retained
CUS-439200,Churn
CUS-1516950,Churn
CUS-454800,Retained
CUS-1474600,Retained
CUS-1444750,Retained
CUS-1444750,Retained
CUS-1444750,Retained
CUS-1444750,Retained
CUS-1444750,Retained
CUS-1444750,Retained
CUS-1444750,Retained
CUS-1444750,Retained
CUS-1444750,Retained
CUS-457100,Retained
CUS-753450,Churn
CUS-1486850,Retained
CUS-152200,Retained
CUS-1056700,Retained
CUS-999900,Retained
CUS-999900,Retained
CUS-999900,Retained
CUS-999900,Retained
CUS-998800,Retained
CUS-998800,Retained
CUS-998800,Retained
CUS-998800,Retained
CUS-998800,Retained
CUS-998800,Retained
CUS-998800,Retained
CUS-998800,Retained
CUS-998800,Retained
CUS-1056750,Retained
CUS-1304550,Retained
CUS-1491750,Retained
CUS-1493200,Retained
CUS-1493200,Retained
CUS-1493200,Retained
CUS-1493200,Retained
CUS-1359400,Retained
CUS-1469700,Retained
CUS-1519450,Retained
CUS-1537900,Churn
CUS-1565900,Retained
CUS-1474550,Churn
CUS-1595650,Retained
CUS-159000,Churn
CUS-1522550,Retained
CUS-1495700,Retained
CUS-154000,Retained
CUS-417250,Retained
CUS-316700,Churn
CUS-1471700,Retained
CUS-1451950,Retained
CUS-1471450,Retained
CUS-610450,Churn
CUS-1493100,Retained
CUS-1466450,Retained
CUS-1466450,Retained
CUS-1466450,Retained
CUS-1466450,Retained
CUS-1466450,Retained
CUS-1466450,Retained
CUS-1466450,Retained
CUS-1466450,Retained
CUS-1466450,Retained
CUS-1536250,Retained
CUS-1536250,Retained
CUS-1536250,Retained
CUS-1536250,Retained
CUS-5601600,Retained
CUS-229950,Retained
CUS-229950,Retained
CUS-229950,Retained
CUS-229950,Retained
CUS-376750,Retained
CUS-804150,Retained
CUS-386750,Churn
CUS-262600,Churn
CUS-372400,Retained
CUS-1435450,Retained
CUS-1435450,Retained
CUS-1435450,Retained
CUS-1435450,Retained
CUS-1435450,Retained
CUS-1435450,Retained
CUS-1435450,Retained
CUS-1435450,Retained
CUS-1435450,Retained
CUS-1435450,Retained
CUS-1435450,Retained
CUS-1435450,Retained
CUS-1435450,Retained
CUS-1435450,Retained
CUS-1435450,Retained
CUS-1435450,Retained
CUS-1435450,Retained
CUS-1435450,Retained
CUS-1435450,Retained
CUS-1435450,Retained
CUS-1435450,Retained
CUS-1435450,Retained
CUS-1435450,Retained
CUS-1435450,Retained
CUS-1435450,Retained
CUS-1435450,Retained
CUS-1435450,Retained
CUS-1435450,Retained
CUS-1435450,Retained
CUS-1435450,Retained
CUS-1435450,Retained
CUS-1435450,Retained
CUS-1435450,Retained
CUS-1435450,Retained
CUS-1435450,Retained
CUS-1435450,Retained
CUS-1435450,Retained
CUS-1435450,Retained
CUS-1435450,Retained
CUS-1435450,Retained
CUS-1435450,Retained
CUS-1435450,Retained
CUS-1435450,Retained
CUS-1435450,Retained
CUS-1435450,Retained
CUS-1435450,Retained
CUS-1435450,Retained
CUS-1435450,Retained
CUS-1435450,Retained
CUS-1435450,Retained
CUS-1435450,Retained
CUS-1435450,Retained
CUS-1435450,Retained
CUS-1435450,Retained
CUS-1435450,Retained
CUS-1435450,Retained
CUS-1435450,Retained
CUS-1435450,Retained
CUS-1435450,Retained
CUS-1435450,Retained
CUS-1435450,Retained
CUS-1435450,Retained
CUS-1435450,Retained
CUS-1435450,Retained
CUS-667600,Retained
CUS-186450,Retained
CUS-156450,Churn
CUS-514000,Retained
CUS-1473700,Retained
CUS-1473700,Retained
CUS-1473700,Retained
CUS-1473700,Retained
CUS-1473700,Retained
CUS-1473700,Retained
CUS-1473700,Retained
CUS-1473700,Retained
CUS-1473700,Retained
CUS-1473700,Retained
CUS-1473700,Retained
CUS-1473700,Retained
CUS-1473700,Retained
CUS-1473700,Retained
CUS-1473700,Retained
CUS-1473700,Retained
CUS-1473700,Retained
CUS-1473700,Retained
CUS-1473700,Retained
CUS-1473700,Retained
CUS-1473700,Retained
CUS-1473700,Retained
CUS-1473700,Retained
CUS-1473700,Retained
CUS-1473700,Retained
CUS-1473700,Retained
CUS-1473700,Retained
CUS-1473700,Retained
CUS-1473700,Retained
CUS-1473700,Retained
CUS-1473700,Retained
CUS-1473700,Retained
CUS-1473700,Retained
CUS-1473700,Retained
CUS-1473700,Retained
CUS-1473700,Retained
CUS-1473700,Retained
CUS-1473700,Retained
CUS-1473700,Retained
CUS-1473700,Retained
CUS-1473700,Retained
CUS-1473700,Retained
CUS-1473700,Retained
CUS-1473700,Retained
CUS-1473700,Retained
CUS-1473700,Retained
CUS-1473700,Retained
CUS-1473700,Retained
CUS-1473700,Retained
CUS-1473700,Retained
CUS-1473700,Retained
CUS-1473700,Retained
CUS-1473700,Retained
CUS-1473700,Retained
CUS-1473700,Retained
CUS-1473700,Retained
CUS-1473700,Retained
CUS-1473700,Retained
CUS-1473700,Retained
CUS-1473700,Retained
CUS-1473700,Retained
CUS-1473700,Retained
CUS-1473700,Retained
CUS-1473700,Retained
CUS-1473700,Retained
CUS-1473700,Retained
CUS-1473700,Retained
CUS-1473700,Retained
CUS-1473700,Retained
CUS-1473700,Retained
CUS-1473700,Retained
CUS-1473700,Retained
CUS-1473700,Retained
CUS-1473700,Retained
CUS-1473700,Retained
CUS-1473700,Retained
CUS-1473700,Retained
CUS-1473700,Retained
CUS-1473700,Retained
CUS-1473700,Retained
CUS-1473700,Retained
CUS-1473700,Retained
CUS-1473700,Retained
CUS-1473700,Retained
CUS-1473700,Retained
CUS-1473700,Retained
CUS-1473700,Retained
CUS-1473700,Retained
CUS-1473700,Retained
CUS-1473700,Retained
CUS-1473700,Retained
CUS-1473700,Retained
CUS-1473700,Retained
CUS-1473700,Retained
CUS-1473700,Retained
CUS-1473700,Retained
CUS-1473700,Retained
CUS-1473700,Retained
CUS-1473700,Retained
CUS-1473700,Retained
CUS-927450,Churn
CUS-1526650,Retained
CUS-1078050,Retained
CUS-1510900,Retained
CUS-1531250,Retained
CUS-1511350,Retained
CUS-1511350,Retained
CUS-1511350,Retained
CUS-1511350,Retained
CUS-437300,Churn
CUS-1558150,Retained
CUS-1558250,Retained
CUS-1558350,Retained
CUS-1558500,Retained
CUS-1558700,Retained
CUS-1558850,Retained
CUS-1558950,Retained
CUS-1559000,Retained
CUS-1535750,Retained
CUS-1500650,Retained
CUS-1500650,Retained
CUS-1500650,Retained
CUS-1500650,Retained
CUS-1500650,Retained
CUS-1500650,Retained
CUS-1500650,Retained
CUS-1500650,Retained
CUS-1500650,Retained
CUS-1500650,Retained
CUS-1500650,Retained
CUS-1500650,Retained
CUS-1500650,Retained
CUS-1500650,Retained
CUS-1500650,Retained
CUS-1500650,Retained
CUS-1500650,Retained
CUS-1500650,Retained
CUS-1500650,Retained
CUS-1500650,Retained
CUS-1500650,Retained
CUS-1500650,Retained
CUS-1500650,Retained
CUS-1500650,Retained
CUS-1500650,Retained
CUS-163950,Retained
CUS-1030300,Retained
CUS-1030300,Retained
CUS-1030300,Retained
CUS-1030300,Retained
CUS-1030300,Retained
CUS-1030300,Retained
CUS-1030300,Retained
CUS-1030300,Retained
CUS-1030300,Retained
CUS-1030300,Retained
CUS-1030300,Retained
CUS-1030300,Retained
CUS-1030300,Retained
CUS-1030300,Retained
CUS-1030300,Retained
CUS-1030300,Retained
CUS-1030300,Retained
CUS-1030300,Retained
CUS-1030300,Retained
CUS-1030300,Retained
CUS-1030300,Retained
CUS-1030300,Retained
CUS-1030300,Retained
CUS-1030300,Retained
CUS-1030300,Retained
CUS-1030300,Retained
CUS-1030300,Retained
CUS-1030300,Retained
CUS-1030300,Retained
CUS-1030300,Retained
CUS-1030300,Retained
CUS-1030300,Retained
CUS-1030300,Retained
CUS-1030300,Retained
CUS-1030300,Retained
CUS-1030300,Retained
CUS-992450,Retained
CUS-1489750,Retained
CUS-1489750,Retained
CUS-1489750,Retained
CUS-1489750,Retained
CUS-1489750,Retained
CUS-1489750,Retained
CUS-1489750,Retained
CUS-1489750,Retained
CUS-1489750,Retained
CUS-1489750,Retained
CUS-1489750,Retained
CUS-1489750,Retained
CUS-1489750,Retained
CUS-1489750,Retained
CUS-1489750,Retained
CUS-1489750,Retained
CUS-1489750,Retained
CUS-1489750,Retained
CUS-1489750,Retained
CUS-1489750,Retained
CUS-1489750,Retained
CUS-1489750,Retained
CUS-1489750,Retained
CUS-1489750,Retained
CUS-1489750,Retained
CUS-1262600,Retained
CUS-1262600,Retained
CUS-1262600,Retained
CUS-1262600,Retained
CUS-1262600,Retained
CUS-1262600,Retained
CUS-1262600,Retained
CUS-1262600,Retained
CUS-1262600,Retained
CUS-1262600,Retained
CUS-1262600,Retained
CUS-1262600,Retained
CUS-1262600,Retained
CUS-1262600,Retained
CUS-1262600,Retained
CUS-1262600,Retained
CUS-1262600,Retained
CUS-1262600,Retained
CUS-1262600,Retained
CUS-1262600,Retained
CUS-1262600,Retained
CUS-1262600,Retained
CUS-1262600,Retained
CUS-1262600,Retained
CUS-1262600,Retained
CUS-1452700,Retained
CUS-276850,Churn
CUS-1492600,Retained
CUS-1516900,Retained
CUS-820450,Retained
CUS-556650,Churn
CUS-695600,Retained
CUS-156400,Retained
CUS-1494650,Retained
CUS-1448950,Retained
CUS-1440200,Retained
CUS-1459550,Retained
CUS-703000,Retained
CUS-1457850,Retained
CUS-1447700,Retained
CUS-1447700,Retained
CUS-1447700,Retained
CUS-1447700,Retained
CUS-1447700,Retained
CUS-1447700,Retained
CUS-1447700,Retained
CUS-1447700,Retained
CUS-1447700,Retained
CUS-467000,Retained
CUS-467000,Retained
CUS-467000,Retained
CUS-467000,Retained
CUS-467000,Retained
CUS-467000,Retained
CUS-467000,Retained
CUS-467000,Retained
CUS-467000,Retained
CUS-166400,Retained
CUS-1517550,Churn
CUS-1359000,Retained
CUS-1506350,Churn
CUS-260600,Churn
CUS-1455250,Churn
CUS-1455250,Churn
CUS-1455250,Churn
CUS-1455250,Churn
CUS-1455250,Churn
CUS-1455250,Churn
CUS-1455250,Churn
CUS-1455250,Churn
CUS-1455250,Churn
CUS-1455250,Churn
CUS-1455250,Churn
CUS-1455250,Churn
CUS-1455250,Churn
CUS-1455250,Churn
CUS-1455250,Churn
CUS-1455250,Churn
CUS-1499350,Retained
CUS-1474500,Churn
CUS-639850,Churn
CUS-965750,Retained
CUS-1515950,Churn
CUS-1448800,Retained
CUS-606600,Retained
CUS-1484300,Retained
CUS-1510600,Retained
CUS-586000,Retained
CUS-155500,Churn
CUS-793100,Retained
CUS-793100,Retained
CUS-793100,Retained
CUS-793100,Retained
CUS-1130300,Retained
CUS-5602250,Retained
CUS-5604550,Retained
CUS-1488200,Retained
CUS-1502400,Retained
CUS-331650,Retained
CUS-331650,Retained
CUS-331650,Retained
CUS-331650,Retained
CUS-1414450,Churn
CUS-362350,Churn
CUS-1456000,Retained
CUS-326850,Retained
CUS-1496850,Retained
CUS-1496850,Retained
CUS-1496850,Retained
CUS-1496850,Retained
CUS-1492650,Churn
CUS-155750,Churn
CUS-5603550,Retained
CUS-1463000,Retained
CUS-1463000,Retained
CUS-1463000,Retained
CUS-1463000,Retained
CUS-1463000,Retained
CUS-1463000,Retained
CUS-1463000,Retained
CUS-1463000,Retained
CUS-1463000,Retained
CUS-1463000,Retained
CUS-1463000,Retained
CUS-1463000,Retained
CUS-1463000,Retained
CUS-1463000,Retained
CUS-1463000,Retained
CUS-1463000,Retained
CUS-1463000,Retained
CUS-1463000,Retained
CUS-1463000,Retained
CUS-1463000,Retained
CUS-1463000,Retained
CUS-1463000,Retained
CUS-1463000,Retained
CUS-1463000,Retained
CUS-1463000,Retained
CUS-1463000,Retained
CUS-1463000,Retained
CUS-1463000,Retained
CUS-1463000,Retained
CUS-1463000,Retained
CUS-1463000,Retained
CUS-1463000,Retained
CUS-1463000,Retained
CUS-1463000,Retained
CUS-1463000,Retained
CUS-1463000,Retained
CUS-1463000,Retained
CUS-1463000,Retained
CUS-1463000,Retained
CUS-1463000,Retained
CUS-1463000,Retained
CUS-1463000,Retained
CUS-1463000,Retained
CUS-1463000,Retained
CUS-1463000,Retained
CUS-1463000,Retained
CUS-1463000,Retained
CUS-1463000,Retained
CUS-1463000,Retained
CUS-287050,Churn
CUS-800300,Retained
CUS-183600,Churn
CUS-639700,Retained
CUS-1573500,Retained
CUS-1573550,Retained
CUS-1482750,Churn
CUS-594050,Retained
CUS-1562100,Retained
CUS-231050,Retained
CUS-153100,Retained
CUS-1552650,Retained
CUS-1476500,Retained
CUS-1476500,Retained
CUS-1476500,Retained
CUS-1476500,Retained
CUS-1476500,Retained
CUS-1476500,Retained
CUS-1476500,Retained
CUS-1476500,Retained
CUS-1476500,Retained
CUS-1508450,Retained
CUS-1503800,Retained
CUS-1501400,Retained
CUS-1479350,Retained
CUS-1479350,Retained
CUS-1479350,Retained
CUS-1479350,Retained
CUS-1479350,Retained
CUS-1479350,Retained
CUS-1479350,Retained
CUS-1479350,Retained
CUS-1479350,Retained
CUS-1479350,Retained
CUS-1479350,Retained
CUS-1479350,Retained
CUS-1479350,Retained
CUS-1479350,Retained
CUS-1479350,Retained
CUS-1479350,Retained
CUS-1459800,Churn
CUS-1446350,Retained
CUS-673950,Retained
CUS-390850,Retained
CUS-1512600,Churn
CUS-1544350,Retained
CUS-1087500,Retained
CUS-172150,Churn
CUS-1494600,Retained
CUS-1543850,Retained
CUS-1298350,Churn
CUS-1317050,Retained
CUS-1317050,Retained
CUS-1317050,Retained
CUS-1317050,Retained
CUS-1317050,Retained
CUS-1317050,Retained
CUS-1317050,Retained
CUS-1317050,Retained
CUS-1317050,Retained
CUS-1317050,Retained
CUS-1317050,Retained
CUS-1317050,Retained
CUS-1317050,Retained
CUS-1317050,Retained
CUS-1317050,Retained
CUS-1317050,Retained
CUS-1317050,Retained
CUS-1317050,Retained
CUS-1317050,Retained
CUS-1317050,Retained
CUS-1317050,Retained
CUS-1317050,Retained
CUS-1317050,Retained
CUS-1317050,Retained
CUS-1317050,Retained
CUS-1317050,Retained
CUS-1317050,Retained
CUS-1317050,Retained
CUS-1317050,Retained
CUS-1317050,Retained
CUS-1317050,Retained
CUS-1317050,Retained
CUS-1317050,Retained
CUS-1317050,Retained
CUS-1317050,Retained
CUS-1317050,Retained
CUS-1317050,Retained
CUS-1317050,Retained
CUS-1317050,Retained
CUS-1317050,Retained
CUS-1317050,Retained
CUS-1317050,Retained
CUS-1317050,Retained
CUS-1317050,Retained
CUS-1317050,Retained
CUS-1317050,Retained
CUS-1317050,Retained
CUS-1317050,Retained
CUS-1317050,Retained
CUS-1317050,Retained
CUS-1317050,Retained
CUS-1317050,Retained
CUS-1317050,Retained
CUS-1317050,Retained
CUS-1317050,Retained
CUS-1317050,Retained
CUS-1317050,Retained
CUS-1317050,Retained
CUS-1317050,Retained
CUS-1317050,Retained
CUS-1317050,Retained
CUS-1317050,Retained
CUS-1317050,Retained
CUS-1317050,Retained
CUS-470350,Retained
CUS-1335000,Retained
CUS-1335000,Retained
CUS-1335000,Retained
CUS-1335000,Retained
CUS-1335000,Retained
CUS-1335000,Retained
CUS-1335000,Retained
CUS-1335000,Retained
CUS-1335000,Retained
CUS-1565550,Retained
CUS-160450,Retained
CUS-265500,Retained
CUS-169350,Retained
CUS-157400,Churn
CUS-264900,Retained
CUS-264900,Retained
CUS-264900,Retained
CUS-264900,Retained
CUS-1478450,Retained
CUS-1478450,Retained
CUS-1478450,Retained
CUS-1478450,Retained
CUS-1478450,Retained
CUS-1478450,Retained
CUS-1478450,Retained
CUS-1478450,Retained
CUS-1478450,Retained
CUS-1478450,Retained
CUS-1478450,Retained
CUS-1478450,Retained
CUS-1478450,Retained
CUS-1478450,Retained
CUS-1478450,Retained
CUS-1478450,Retained
CUS-1485100,Retained
CUS-1485100,Retained
CUS-1485100,Retained
CUS-1485100,Retained
CUS-1485100,Retained
CUS-1485100,Retained
CUS-1485100,Retained
CUS-1485100,Retained
CUS-1485100,Retained
CUS-1485100,Retained
CUS-1485100,Retained
CUS-1485100,Retained
CUS-1485100,Retained
CUS-1485100,Retained
CUS-1485100,Retained
CUS-1485100,Retained
CUS-1485100,Retained
CUS-1485100,Retained
CUS-1485100,Retained
CUS-1485100,Retained
CUS-1485100,Retained
CUS-1485100,Retained
CUS-1485100,Retained
CUS-1485100,Retained
CUS-1485100,Retained
CUS-1537950,Retained
CUS-1373550,Retained
CUS-1476950,Retained
CUS-1477000,Retained
CUS-1477000,Retained
CUS-1477000,Retained
CUS-1477000,Retained
CUS-1477050,Retained
CUS-1152000,Retained
CUS-1443550,Retained
CUS-1443550,Retained
CUS-1443550,Retained
CUS-1443550,Retained
CUS-1443550,Retained
CUS-1443550,Retained
CUS-1443550,Retained
CUS-1443550,Retained
CUS-1443550,Retained
CUS-1443550,Retained
CUS-1443550,Retained
CUS-1443550,Retained
CUS-1443550,Retained
CUS-1443550,Retained
CUS-1443550,Retained
CUS-1443550,Retained
CUS-1477450,Churn
CUS-1078450,Retained
CUS-1023900,Churn
CUS-240000,Retained
CUS-1443000,Retained
CUS-1560250,Churn
CUS-1538350,Retained
CUS-1559750,Retained
CUS-482500,Churn
CUS-1378600,Retained
CUS-1378600,Retained
CUS-1378600,Retained
CUS-1378600,Retained
CUS-1580150,Churn
CUS-1514850,Churn
CUS-599300,Churn
CUS-1557800,Retained
CUS-836050,Retained
CUS-1443150,Retained
CUS-1443150,Retained
CUS-1443150,Retained
CUS-1443150,Retained
CUS-1450600,Retained
CUS-794700,Retained
CUS-515050,Retained
CUS-515050,Retained
CUS-515050,Retained
CUS-515050,Retained
CUS-1517300,Retained
CUS-1468950,Retained
CUS-1291050,Retained
CUS-1560050,Retained
CUS-317450,Retained
CUS-317450,Retained
CUS-317450,Retained
CUS-317450,Retained
CUS-317450,Retained
CUS-317450,Retained
CUS-317450,Retained
CUS-317450,Retained
CUS-317450,Retained
CUS-317450,Retained
CUS-317450,Retained
CUS-317450,Retained
CUS-317450,Retained
CUS-317450,Retained
CUS-317450,Retained
CUS-317450,Retained
CUS-317450,Retained
CUS-317450,Retained
CUS-317450,Retained
CUS-317450,Retained
CUS-317450,Retained
CUS-317450,Retained
CUS-317450,Retained
CUS-317450,Retained
CUS-317450,Retained
CUS-317450,Retained
CUS-317450,Retained
CUS-317450,Retained
CUS-317450,Retained
CUS-317450,Retained
CUS-317450,Retained
CUS-317450,Retained
CUS-317450,Retained
CUS-317450,Retained
CUS-317450,Retained
CUS-317450,Retained
CUS-317450,Retained
CUS-317450,Retained
CUS-317450,Retained
CUS-317450,Retained
CUS-317450,Retained
CUS-317450,Retained
CUS-317450,Retained
CUS-317450,Retained
CUS-317450,Retained
CUS-317450,Retained
CUS-317450,Retained
CUS-317450,Retained
CUS-317450,Retained
CUS-5604400,Retained
CUS-1050750,Churn
CUS-1430450,Retained
CUS-1577850,Retained
CUS-161650,Onboarding
CUS-161650,Onboarding
CUS-161650,Onboarding
CUS-161650,Onboarding
CUS-274200,Churn
CUS-1451150,Retained
CUS-5606700,Retained
CUS-151950,Retained
CUS-248500,Retained
CUS-248500,Retained
CUS-248500,Retained
CUS-248500,Retained
CUS-248500,Retained
CUS-248500,Retained
CUS-248500,Retained
CUS-248500,Retained
CUS-248500,Retained
CUS-248500,Retained
CUS-248500,Retained
CUS-248500,Retained
CUS-248500,Retained
CUS-248500,Retained
CUS-248500,Retained
CUS-248500,Retained
CUS-248500,Retained
CUS-248500,Retained
CUS-248500,Retained
CUS-248500,Retained
CUS-248500,Retained
CUS-248500,Retained
CUS-248500,Retained
CUS-248500,Retained
CUS-248500,Retained
CUS-248500,Retained
CUS-248500,Retained
CUS-248500,Retained
CUS-248500,Retained
CUS-248500,Retained
CUS-248500,Retained
CUS-248500,Retained
CUS-248500,Retained
CUS-248500,Retained
CUS-248500,Retained
CUS-248500,Retained
CUS-642900,Retained
CUS-1350200,Churn
CUS-219350,Retained
CUS-1495000,Retained
CUS-1495000,Retained
CUS-1495000,Retained
CUS-1495000,Retained
CUS-1516550,Retained
CUS-1082600,Churn
CUS-269400,Churn
CUS-415750,Churn
CUS-1553350,Retained
CUS-1445550,Retained
CUS-1445550,Retained
CUS-1445550,Retained
CUS-1445550,Retained
CUS-1445550,Retained
CUS-1445550,Retained
CUS-1445550,Retained
CUS-1445550,Retained
CUS-1445550,Retained
CUS-1472400,Retained
CUS-1586050,Retained
CUS-1465350,Retained
CUS-1465550,Retained
CUS-1464550,Retained
CUS-1464600,Retained
CUS-604150,Churn
CUS-1509150,Retained
CUS-1499750,Retained
CUS-730800,Retained
CUS-730800,Retained
CUS-730800,Retained
CUS-730800,Retained
CUS-730800,Retained
CUS-730800,Retained
CUS-730800,Retained
CUS-730800,Retained
CUS-730800,Retained
CUS-730800,Retained
CUS-730800,Retained
CUS-730800,Retained
CUS-730800,Retained
CUS-730800,Retained
CUS-730800,Retained
CUS-730800,Retained
CUS-1481350,Retained
CUS-1481350,Retained
CUS-1481350,Retained
CUS-1481350,Retained
CUS-1481300,Retained
CUS-1466250,Retained
CUS-1466250,Retained
CUS-1466250,Retained
CUS-1466250,Retained
CUS-1466250,Retained
CUS-1466250,Retained
CUS-1466250,Retained
CUS-1466250,Retained
CUS-1466250,Retained
CUS-1466250,Retained
CUS-1466250,Retained
CUS-1466250,Retained
CUS-1466250,Retained
CUS-1466250,Retained
CUS-1466250,Retained
CUS-1466250,Retained
CUS-1466250,Retained
CUS-1466250,Retained
CUS-1466250,Retained
CUS-1466250,Retained
CUS-1466250,Retained
CUS-1466250,Retained
CUS-1466250,Retained
CUS-1466250,Retained
CUS-1466250,Retained
CUS-1131850,Retained
CUS-1131850,Retained
CUS-1131850,Retained
CUS-1131850,Retained
CUS-1131850,Retained
CUS-1131850,Retained
CUS-1131850,Retained
CUS-1131850,Retained
CUS-1131850,Retained
CUS-859900,Retained
CUS-859900,Retained
CUS-859900,Retained
CUS-859900,Retained
CUS-859900,Retained
CUS-859900,Retained
CUS-859900,Retained
CUS-859900,Retained
CUS-859900,Retained
CUS-859900,Retained
CUS-859900,Retained
CUS-859900,Retained
CUS-859900,Retained
CUS-859900,Retained
CUS-859900,Retained
CUS-859900,Retained
CUS-859900,Retained
CUS-859900,Retained
CUS-859900,Retained
CUS-859900,Retained
CUS-859900,Retained
CUS-859900,Retained
CUS-859900,Retained
CUS-859900,Retained
CUS-859900,Retained
CUS-185950,Retained
CUS-470750,Retained
CUS-470750,Retained
CUS-470750,Retained
CUS-470750,Retained
CUS-470750,Retained
CUS-470750,Retained
CUS-470750,Retained
CUS-470750,Retained
CUS-470750,Retained
CUS-1517350,Churn
CUS-1511050,Retained
CUS-1597450,Retained
CUS-1600400,Retained
CUS-1598700,Retained
CUS-1473950,Retained
CUS-1473950,Retained
CUS-1473950,Retained
CUS-1473950,Retained
CUS-5613650,Retained
CUS-1448650,Retained
CUS-1448650,Retained
CUS-1448650,Retained
CUS-1448650,Retained
CUS-1448650,Retained
CUS-1448650,Retained
CUS-1448650,Retained
CUS-1448650,Retained
CUS-1448650,Retained
CUS-1517950,Retained
CUS-1492500,Retained
CUS-726200,Churn
CUS-660050,Retained
CUS-1607000,Retained
CUS-1598050,Retained
CUS-1512950,Retained
CUS-495600,Retained
CUS-1494700,Retained
CUS-1494700,Retained
CUS-1494700,Retained
CUS-1494700,Retained
CUS-163900,Retained
CUS-229300,Retained
CUS-360100,Retained
CUS-5607750,Retained
CUS-1445300,Retained
CUS-159050,Churn
CUS-161600,Retained
CUS-161600,Retained
CUS-161600,Retained
CUS-161600,Retained
CUS-161600,Retained
CUS-161600,Retained
CUS-161600,Retained
CUS-161600,Retained
CUS-161600,Retained
CUS-161600,Retained
CUS-161600,Retained
CUS-161600,Retained
CUS-161600,Retained
CUS-161600,Retained
CUS-161600,Retained
CUS-161600,Retained
CUS-1449700,Retained
CUS-1449700,Retained
CUS-1449700,Retained
CUS-1449700,Retained
CUS-1449700,Retained
CUS-1449700,Retained
CUS-1449700,Retained
CUS-1449700,Retained
CUS-1449700,Retained
CUS-1449700,Retained
CUS-1449700,Retained
CUS-1449700,Retained
CUS-1449700,Retained
CUS-1449700,Retained
CUS-1449700,Retained
CUS-1449700,Retained
CUS-1172250,Retained
CUS-1454450,Retained
CUS-1454450,Retained
CUS-1454450,Retained
CUS-1454450,Retained
CUS-1454450,Retained
CUS-1454450,Retained
CUS-1454450,Retained
CUS-1454450,Retained
CUS-1454450,Retained
CUS-1454450,Retained
CUS-1454450,Retained
CUS-1454450,Retained
CUS-1454450,Retained
CUS-1454450,Retained
CUS-1454450,Retained
CUS-1454450,Retained
CUS-1454450,Retained
CUS-1454450,Retained
CUS-1454450,Retained
CUS-1454450,Retained
CUS-1454450,Retained
CUS-1454450,Retained
CUS-1454450,Retained
CUS-1454450,Retained
CUS-1454450,Retained
CUS-1454450,Retained
CUS-1454450,Retained
CUS-1454450,Retained
CUS-1454450,Retained
CUS-1454450,Retained
CUS-1454450,Retained
CUS-1454450,Retained
CUS-1454450,Retained
CUS-1454450,Retained
CUS-1454450,Retained
CUS-1454450,Retained
CUS-1461900,Retained
CUS-1537850,Retained
CUS-634850,Retained
CUS-537750,Retained
CUS-463250,Retained
CUS-361700,Retained
CUS-1486500,Retained
CUS-1570650,Retained
CUS-1494250,Retained
CUS-1496500,Retained
CUS-1496500,Retained
CUS-1496500,Retained
CUS-1496500,Retained
CUS-1496500,Retained
CUS-1496500,Retained
CUS-1496500,Retained
CUS-1496500,Retained
CUS-1496500,Retained
CUS-1496500,Retained
CUS-1496500,Retained
CUS-1496500,Retained
CUS-1496500,Retained
CUS-1496500,Retained
CUS-1496500,Retained
CUS-1496500,Retained
CUS-1496500,Retained
CUS-1496500,Retained
CUS-1496500,Retained
CUS-1496500,Retained
CUS-1496500,Retained
CUS-1496500,Retained
CUS-1496500,Retained
CUS-1496500,Retained
CUS-1496500,Retained
CUS-1496500,Retained
CUS-1496500,Retained
CUS-1496500,Retained
CUS-1496500,Retained
CUS-1496500,Retained
CUS-1496500,Retained
CUS-1496500,Retained
CUS-1496500,Retained
CUS-1496500,Retained
CUS-1496500,Retained
CUS-1496500,Retained
CUS-156950,Retained
CUS-156950,Retained
CUS-156950,Retained
CUS-156950,Retained
CUS-156950,Retained
CUS-156950,Retained
CUS-156950,Retained
CUS-156950,Retained
CUS-156950,Retained
CUS-156950,Retained
CUS-156950,Retained
CUS-156950,Retained
CUS-156950,Retained
CUS-156950,Retained
CUS-156950,Retained
CUS-156950,Retained
CUS-156950,Retained
CUS-156950,Retained
CUS-156950,Retained
CUS-156950,Retained
CUS-156950,Retained
CUS-156950,Retained
CUS-156950,Retained
CUS-156950,Retained
CUS-156950,Retained
CUS-156950,Retained
CUS-156950,Retained
CUS-156950,Retained
CUS-156950,Retained
CUS-156950,Retained
CUS-156950,Retained
CUS-156950,Retained
CUS-156950,Retained
CUS-156950,Retained
CUS-156950,Retained
CUS-156950,Retained
CUS-1480950,Retained
CUS-1480950,Retained
CUS-1480950,Retained
CUS-1480950,Retained
CUS-1480950,Retained
CUS-1480950,Retained
CUS-1480950,Retained
CUS-1480950,Retained
CUS-1480950,Retained
CUS-1488350,Retained
CUS-1482200,Retained
CUS-1482200,Retained
CUS-1482200,Retained
CUS-1482200,Retained
CUS-1482200,Retained
CUS-1482200,Retained
CUS-1482200,Retained
CUS-1482200,Retained
CUS-1482200,Retained
CUS-1482200,Retained
CUS-1482200,Retained
CUS-1482200,Retained
CUS-1482200,Retained
CUS-1482200,Retained
CUS-1482200,Retained
CUS-1482200,Retained
CUS-1482200,Retained
CUS-1482200,Retained
CUS-1482200,Retained
CUS-1482200,Retained
CUS-1482200,Retained
CUS-1482200,Retained
CUS-1482200,Retained
CUS-1482200,Retained
CUS-1482200,Retained
CUS-1482200,Retained
CUS-1482200,Retained
CUS-1482200,Retained
CUS-1482200,Retained
CUS-1482200,Retained
CUS-1482200,Retained
CUS-1482200,Retained
CUS-1482200,Retained
CUS-1482200,Retained
CUS-1482200,Retained
CUS-1482200,Retained
CUS-1482200,Retained
CUS-1482200,Retained
CUS-1482200,Retained
CUS-1482200,Retained
CUS-1482200,Retained
CUS-1482200,Retained
CUS-1482200,Retained
CUS-1482200,Retained
CUS-1482200,Retained
CUS-1482200,Retained
CUS-1482200,Retained
CUS-1482200,Retained
CUS-1482200,Retained
CUS-1482200,Retained
CUS-1482200,Retained
CUS-1482200,Retained
CUS-1482200,Retained
CUS-1482200,Retained
CUS-1482200,Retained
CUS-1482200,Retained
CUS-1482200,Retained
CUS-1482200,Retained
CUS-1482200,Retained
CUS-1482200,Retained
CUS-1482200,Retained
CUS-1482200,Retained
CUS-1482200,Retained
CUS-1482200,Retained
CUS-1482200,Retained
CUS-1482200,Retained
CUS-1482200,Retained
CUS-1482200,Retained
CUS-1482200,Retained
CUS-1482200,Retained
CUS-1482200,Retained
CUS-1482200,Retained
CUS-1482200,Retained
CUS-1482200,Retained
CUS-1482200,Retained
CUS-1482200,Retained
CUS-1482200,Retained
CUS-1482200,Retained
CUS-1482200,Retained
CUS-1482200,Retained
CUS-1482200,Retained
CUS-1482200,Retained
CUS-1482200,Retained
CUS-1482200,Retained
CUS-1482200,Retained
CUS-1482200,Retained
CUS-1482200,Retained
CUS-1482200,Retained
CUS-1482200,Retained
CUS-1482200,Retained
CUS-1482200,Retained
CUS-1482200,Retained
CUS-1482200,Retained
CUS-1482200,Retained
CUS-1482200,Retained
CUS-1482200,Retained
CUS-1482200,Retained
CUS-1482200,Retained
CUS-1482200,Retained
CUS-1482200,Retained
CUS-1466300,Retained
CUS-1485150,Retained
CUS-1485150,Retained
CUS-1485150,Retained
CUS-1485150,Retained
CUS-1485150,Retained
CUS-1485150,Retained
CUS-1485150,Retained
CUS-1485150,Retained
CUS-1485150,Retained
CUS-1485150,Retained
CUS-1485150,Retained
CUS-1485150,Retained
CUS-1485150,Retained
CUS-1485150,Retained
CUS-1485150,Retained
CUS-1485150,Retained
CUS-1485150,Retained
CUS-1485150,Retained
CUS-1485150,Retained
CUS-1485150,Retained
CUS-1485150,Retained
CUS-1485150,Retained
CUS-1485150,Retained
CUS-1485150,Retained
CUS-1485150,Retained
CUS-1172550,Retained
CUS-1172550,Retained
CUS-1172550,Retained
CUS-1172550,Retained
CUS-1172550,Retained
CUS-1172550,Retained
CUS-1172550,Retained
CUS-1172550,Retained
CUS-1172550,Retained
CUS-1456300,Retained
CUS-153600,Retained
CUS-153600,Retained
CUS-153600,Retained
CUS-153600,Retained
CUS-153600,Retained
CUS-153600,Retained
CUS-153600,Retained
CUS-153600,Retained
CUS-153600,Retained
CUS-153600,Retained
CUS-153600,Retained
CUS-153600,Retained
CUS-153600,Retained
CUS-153600,Retained
CUS-153600,Retained
CUS-153600,Retained
CUS-1478400,Retained
CUS-1478400,Retained
CUS-1478400,Retained
CUS-1478400,Retained
CUS-1478400,Retained
CUS-1478400,Retained
CUS-1478400,Retained
CUS-1478400,Retained
CUS-1478400,Retained
CUS-1478400,Retained
CUS-1478400,Retained
CUS-1478400,Retained
CUS-1478400,Retained
CUS-1478400,Retained
CUS-1478400,Retained
CUS-1478400,Retained
CUS-1478400,Retained
CUS-1478400,Retained
CUS-1478400,Retained
CUS-1478400,Retained
CUS-1478400,Retained
CUS-1478400,Retained
CUS-1478400,Retained
CUS-1478400,Retained
CUS-1478400,Retained
CUS-797050,Retained
CUS-1373400,Retained
CUS-1373400,Retained
CUS-1373400,Retained
CUS-1373400,Retained
CUS-418000,Retained
CUS-1471150,Retained
CUS-1199150,Retained
CUS-1199150,Retained
CUS-1199150,Retained
CUS-1199150,Retained
CUS-1199150,Retained
CUS-1199150,Retained
CUS-1199150,Retained
CUS-1199150,Retained
CUS-1199150,Retained
CUS-1199150,Retained
CUS-1199150,Retained
CUS-1199150,Retained
CUS-1199150,Retained
CUS-1199150,Retained
CUS-1199150,Retained
CUS-1199150,Retained
CUS-1199150,Retained
CUS-1199150,Retained
CUS-1199150,Retained
CUS-1199150,Retained
CUS-1199150,Retained
CUS-1199150,Retained
CUS-1199150,Retained
CUS-1199150,Retained
CUS-1199150,Retained
CUS-1489900,Retained
CUS-150600,Retained
CUS-1468150,Retained
CUS-1489150,Retained
CUS-1489150,Retained
CUS-1489150,Retained
CUS-1489150,Retained
CUS-1526050,Retained
CUS-1526050,Retained
CUS-1526050,Retained
CUS-1526050,Retained
CUS-1449750,Churn
CUS-1462250,Retained
CUS-1462250,Retained
CUS-1462250,Retained
CUS-1462250,Retained
CUS-1462250,Retained
CUS-1462250,Retained
CUS-1462250,Retained
CUS-1462250,Retained
CUS-1462250,Retained
CUS-1462250,Retained
CUS-1462250,Retained
CUS-1462250,Retained
CUS-1462250,Retained
CUS-1462250,Retained
CUS-1462250,Retained
CUS-1462250,Retained
CUS-1462250,Retained
CUS-1462250,Retained
CUS-1462250,Retained
CUS-1462250,Retained
CUS-1462250,Retained
CUS-1462250,Retained
CUS-1462250,Retained
CUS-1462250,Retained
CUS-1462250,Retained
CUS-1462250,Retained
CUS-1462250,Retained
CUS-1462250,Retained
CUS-1462250,Retained
CUS-1462250,Retained
CUS-1462250,Retained
CUS-1462250,Retained
CUS-1462250,Retained
CUS-1462250,Retained
CUS-1462250,Retained
CUS-1462250,Retained
CUS-1462250,Retained
CUS-1462250,Retained
CUS-1462250,Retained
CUS-1462250,Retained
CUS-1462250,Retained
CUS-1462250,Retained
CUS-1462250,Retained
CUS-1462250,Retained
CUS-1462250,Retained
CUS-1462250,Retained
CUS-1462250,Retained
CUS-1462250,Retained
CUS-1462250,Retained
CUS-1462250,Retained
CUS-1462250,Retained
CUS-1462250,Retained
CUS-1462250,Retained
CUS-1462250,Retained
CUS-1462250,Retained
CUS-1462250,Retained
CUS-1462250,Retained
CUS-1462250,Retained
CUS-1462250,Retained
CUS-1462250,Retained
CUS-1462250,Retained
CUS-1462250,Retained
CUS-1462250,Retained
CUS-1462250,Retained
CUS-157250,Churn
CUS-176450,Retained
CUS-176450,Retained
CUS-176450,Retained
CUS-176450,Retained
CUS-176450,Retained
CUS-176450,Retained
CUS-176450,Retained
CUS-176450,Retained
CUS-176450,Retained
CUS-176450,Retained
CUS-176450,Retained
CUS-176450,Retained
CUS-176450,Retained
CUS-176450,Retained
CUS-176450,Retained
CUS-176450,Retained
CUS-176450,Retained
CUS-176450,Retained
CUS-176450,Retained
CUS-176450,Retained
CUS-176450,Retained
CUS-176450,Retained
CUS-176450,Retained
CUS-176450,Retained
CUS-176450,Retained
CUS-157000,Retained
CUS-1469500,Retained
CUS-250450,Retained
CUS-748200,Retained
CUS-417000,Churn
CUS-166850,Churn
CUS-1560300,Retained
CUS-226150,Retained
CUS-306500,Retained
CUS-1520550,Retained
CUS-1585350,Retained
CUS-1538750,Retained
CUS-159350,Churn
CUS-1589550,Retained
CUS-1441500,Churn
CUS-476600,Retained
CUS-917450,Retained
CUS-1102900,Retained
CUS-1470000,Retained
CUS-219200,Retained
CUS-1535650,Retained
CUS-1510800,Retained
CUS-1528700,Retained
CUS-243250,Retained
CUS-1514450,Churn
CUS-160300,Retained
CUS-160300,Retained
CUS-160300,Retained
CUS-160300,Retained
CUS-160300,Retained
CUS-160300,Retained
CUS-160300,Retained
CUS-160300,Retained
CUS-160300,Retained
CUS-1477350,Retained
CUS-1477350,Retained
CUS-1477350,Retained
CUS-1477350,Retained
CUS-1477350,Retained
CUS-1477350,Retained
CUS-1477350,Retained
CUS-1477350,Retained
CUS-1477350,Retained
CUS-1477350,Retained
CUS-1477350,Retained
CUS-1477350,Retained
CUS-1477350,Retained
CUS-1477350,Retained
CUS-1477350,Retained
CUS-1477350,Retained
CUS-153850,Retained
CUS-1610300,Retained
CUS-421250,Retained
CUS-406800,Retained
CUS-406950,Retained
CUS-1446800,Retained
CUS-1544750,Retained
CUS-379050,Retained
CUS-671450,Retained
CUS-1177950,Churn
CUS-1496550,Retained
CUS-219500,Churn
CUS-269450,Churn
CUS-166350,Retained
CUS-1482800,Churn
CUS-1484200,Retained
CUS-1421300,Churn
CUS-1493550,Retained
CUS-420000,Churn
CUS-1245850,Retained
CUS-925400,Retained
CUS-281750,Retained
CUS-1542100,Retained
CUS-713250,Retained
CUS-1495500,Retained
CUS-1495500,Retained
CUS-1495500,Retained
CUS-1495500,Retained
CUS-1495500,Retained
CUS-1495500,Retained
CUS-1495500,Retained
CUS-1495500,Retained
CUS-1495500,Retained
CUS-1495500,Retained
CUS-1495500,Retained
CUS-1495500,Retained
CUS-1495500,Retained
CUS-1495500,Retained
CUS-1495500,Retained
CUS-1495500,Retained
CUS-1495500,Retained
CUS-1495500,Retained
CUS-1495500,Retained
CUS-1495500,Retained
CUS-1495500,Retained
CUS-1495500,Retained
CUS-1495500,Retained
CUS-1495500,Retained
CUS-1495500,Retained
CUS-1495500,Retained
CUS-1495500,Retained
CUS-1495500,Retained
CUS-1495500,Retained
CUS-1495500,Retained
CUS-1495500,Retained
CUS-1495500,Retained
CUS-1495500,Retained
CUS-1495500,Retained
CUS-1495500,Retained
CUS-1495500,Retained
CUS-1495500,Retained
CUS-1495500,Retained
CUS-1495500,Retained
CUS-1495500,Retained
CUS-1495500,Retained
CUS-1495500,Retained
CUS-1495500,Retained
CUS-1495500,Retained
CUS-1495500,Retained
CUS-1495500,Retained
CUS-1495500,Retained
CUS-1495500,Retained
CUS-1495500,Retained
CUS-1472100,Retained
CUS-1242200,Retained
CUS-1242200,Retained
CUS-1242200,Retained
CUS-1242200,Retained
CUS-1242200,Retained
CUS-1242200,Retained
CUS-1242200,Retained
CUS-1242200,Retained
CUS-1242200,Retained
CUS-1242200,Retained
CUS-1242200,Retained
CUS-1242200,Retained
CUS-1242200,Retained
CUS-1242200,Retained
CUS-1242200,Retained
CUS-1242200,Retained
CUS-1242200,Retained
CUS-1242200,Retained
CUS-1242200,Retained
CUS-1242200,Retained
CUS-1242200,Retained
CUS-1242200,Retained
CUS-1242200,Retained
CUS-1242200,Retained
CUS-1242200,Retained
CUS-1242200,Retained
CUS-1242200,Retained
CUS-1242200,Retained
CUS-1242200,Retained
CUS-1242200,Retained
CUS-1242200,Retained
CUS-1242200,Retained
CUS-1242200,Retained
CUS-1242200,Retained
CUS-1242200,Retained
CUS-1242200,Retained
CUS-1242200,Retained
CUS-1242200,Retained
CUS-1242200,Retained
CUS-1242200,Retained
CUS-1242200,Retained
CUS-1242200,Retained
CUS-1242200,Retained
CUS-1242200,Retained
CUS-1242200,Retained
CUS-1242200,Retained
CUS-1242200,Retained
CUS-1242200,Retained
CUS-1242200,Retained
CUS-1242200,Retained
CUS-1242200,Retained
CUS-1242200,Retained
CUS-1242200,Retained
CUS-1242200,Retained
CUS-1242200,Retained
CUS-1242200,Retained
CUS-1242200,Retained
CUS-1242200,Retained
CUS-1242200,Retained
CUS-1242200,Retained
CUS-1242200,Retained
CUS-1242200,Retained
CUS-1242200,Retained
CUS-1242200,Retained
CUS-154100,Retained
CUS-150850,Retained
CUS-1172300,Retained
CUS-1364800,Retained
CUS-1449550,Retained
CUS-1414900,Retained
CUS-1028200,Retained
CUS-1493750,Retained
CUS-916650,Retained
CUS-1553900,Retained
CUS-151700,Retained
CUS-154250,Retained
CUS-1536000,Retained
CUS-1539150,Retained
CUS-199050,Retained
CUS-1538700,Retained
CUS-1071750,Retained
CUS-1554200,Retained
CUS-1492850,Churn
CUS-1543550,Retained
CUS-1581100,Retained
CUS-1354300,Retained
CUS-617450,Retained
CUS-617450,Retained
CUS-617450,Retained
CUS-617450,Retained
CUS-1536450,Retained
CUS-652450,Retained
CUS-652450,Retained
CUS-652450,Retained
CUS-652450,Retained
CUS-652450,Retained
CUS-652450,Retained
CUS-652450,Retained
CUS-652450,Retained
CUS-652450,Retained
CUS-1557700,Retained
CUS-1500350,Retained
CUS-1511200,Retained
CUS-1497200,Retained
CUS-1496300,Retained
CUS-1496300,Retained
CUS-1496300,Retained
CUS-1496300,Retained
CUS-1496300,Retained
CUS-1496300,Retained
CUS-1496300,Retained
CUS-1496300,Retained
CUS-1496300,Retained
CUS-1577200,Retained
CUS-1513400,Retained
CUS-1513400,Retained
CUS-1513400,Retained
CUS-1513400,Retained
CUS-1513400,Retained
CUS-1513400,Retained
CUS-1513400,Retained
CUS-1513400,Retained
CUS-1513400,Retained
CUS-1513400,Retained
CUS-1513400,Retained
CUS-1513400,Retained
CUS-1513400,Retained
CUS-1513400,Retained
CUS-1513400,Retained
CUS-1513400,Retained
CUS-1482150,Retained
CUS-1482000,Retained
CUS-277650,Retained
CUS-277650,Retained
CUS-277650,Retained
CUS-277650,Retained
CUS-277650,Retained
CUS-277650,Retained
CUS-277650,Retained
CUS-277650,Retained
CUS-277650,Retained
CUS-277650,Retained
CUS-277650,Retained
CUS-277650,Retained
CUS-277650,Retained
CUS-277650,Retained
CUS-277650,Retained
CUS-277650,Retained
CUS-277650,Retained
CUS-277650,Retained
CUS-277650,Retained
CUS-277650,Retained
CUS-277650,Retained
CUS-277650,Retained
CUS-277650,Retained
CUS-277650,Retained
CUS-277650,Retained
CUS-277650,Retained
CUS-277650,Retained
CUS-277650,Retained
CUS-277650,Retained
CUS-277650,Retained
CUS-277650,Retained
CUS-277650,Retained
CUS-277650,Retained
CUS-277650,Retained
CUS-277650,Retained
CUS-277650,Retained
CUS-1490750,Retained
CUS-1490750,Retained
CUS-1490750,Retained
CUS-1490750,Retained
CUS-1490750,Retained
CUS-1490750,Retained
CUS-1490750,Retained
CUS-1490750,Retained
CUS-1490750,Retained
CUS-1490750,Retained
CUS-1490750,Retained
CUS-1490750,Retained
CUS-1490750,Retained
CUS-1490750,Retained
CUS-1490750,Retained
CUS-1490750,Retained
CUS-1490750,Retained
CUS-1490750,Retained
CUS-1490750,Retained
CUS-1490750,Retained
CUS-1490750,Retained
CUS-1490750,Retained
CUS-1490750,Retained
CUS-1490750,Retained
CUS-1490750,Retained
CUS-1490750,Retained
CUS-1490750,Retained
CUS-1490750,Retained
CUS-1490750,Retained
CUS-1490750,Retained
CUS-1490750,Retained
CUS-1490750,Retained
CUS-1490750,Retained
CUS-1490750,Retained
CUS-1490750,Retained
CUS-1490750,Retained
CUS-1331650,Retained
CUS-1454200,Retained
CUS-1454200,Retained
CUS-1454200,Retained
CUS-1454200,Retained
CUS-186200,Retained
CUS-243350,Retained
CUS-152550,Churn
CUS-152550,Churn
CUS-152550,Churn
CUS-152550,Churn
CUS-155450,Retained
CUS-155450,Retained
CUS-155450,Retained
CUS-155450,Retained
CUS-155450,Retained
CUS-155450,Retained
CUS-155450,Retained
CUS-155450,Retained
CUS-155450,Retained
CUS-1453850,Retained
CUS-1451550,Retained
CUS-1494200,Churn
